"species","species_Taxonstand","species_taxize","species_matched"
"Abelia serrata","Diabelia serrata",NA,"Diabelia serrata"
"Abies balsamea","Abies balsamea",NA,"Abies balsamea"
"Abies firma","Abies firma",NA,"Abies firma"
"Abies grandis","Abies grandis",NA,"Abies grandis"
"Abies lasiocarpa","Abies lasiocarpa",NA,"Abies lasiocarpa"
"Abies sachalinensis","Abies sachalinensis",NA,"Abies sachalinensis"
"Abies veitchii","Abies veitchii",NA,"Abies veitchii"
"Acacia dealbata","Acacia dealbata",NA,"Acacia dealbata"
"Acacia mangium","Acacia mangium",NA,"Acacia mangium"
"Acacia mearnsii","Acacia mearnsii",NA,"Acacia mearnsii"
"Acacia spp.",NA,NA,"Acacia spp."
"Acanthopanax sciadophylloides","Chengiopanax sciadophylloides",NA,"Chengiopanax sciadophylloides"
"Acer amoenum","Acer palmatum",NA,"Acer palmatum"
"Acer circinatum","Acer circinatum",NA,"Acer circinatum"
"Acer distylum","Acer distylum",NA,"Acer distylum"
"Acer japonicum","Acer japonicum",NA,"Acer japonicum"
"Acer macrophyllum","Acer macrophyllum",NA,"Acer macrophyllum"
"Acer mono","Acer pictum",NA,"Acer pictum"
"Acer pensylvanicum","Acer pensylvanicum",NA,"Acer pensylvanicum"
"Acer pseudoplatanus","Acer pseudoplatanus",NA,"Acer pseudoplatanus"
"Acer rubrum","Acer rubrum",NA,"Acer rubrum"
"Acer rubrum L.","Acer rubrum",NA,"Acer rubrum"
"Acer rufinerve","Acer rufinerve",NA,"Acer rufinerve"
"Acer saccharum","Acer saccharum",NA,"Acer saccharum"
"Acer sieboldianum","Acer sieboldianum",NA,"Acer sieboldianum"
"Acer spp.",NA,NA,"Acer spp."
"Acer tschonoskii","Acer tschonoskii",NA,"Acer tschonoskii"
"Acosmium cardenasii","Acosmium cardenasii",NA,"Acosmium cardenasii"
"Acosmium sp.",NA,NA,"Acosmium sp."
"Adenocalymma impressum","Adenocalymma impressum",NA,"Adenocalymma impressum"
"Adina sp.",NA,"Adina","Adina sp."
"Adinandra dumosa","Adinandra dumosa",NA,"Adinandra dumosa"
"Aesculus turbinata","Aesculus turbinata",NA,"Aesculus turbinata"
"Aextoxicon punctatum","Aextoxicon punctatum",NA,"Aextoxicon punctatum"
"Agathis australis","Agathis australis",NA,"Agathis australis"
"Aglaia affinis","Aglaia odoratissima",NA,"Aglaia odoratissima"
"Aglaia bernardoi","Aglaia grandis",NA,"Aglaia grandis"
"Albizia falcata","Falcataria moluccana",NA,"Falcataria moluccana"
"Albizia falcataria","Falcataria moluccana",NA,"Falcataria moluccana"
"Albizia julibrissin","Albizia julibrissin",NA,"Albizia julibrissin"
"Alibertia verrucosa","Cordiera macrophylla",NA,"Cordiera macrophylla"
"Alnus inokumae","Alnus hirsuta",NA,"Alnus hirsuta"
"Alnus pendula","Alnus pendula",NA,"Alnus pendula"
"Alnus rubra","Alnus rubra",NA,"Alnus rubra"
"Alphonsea johorensis","Alphonsea johorensis",NA,"Alphonsea johorensis"
"Alseis blackiana","Alseis blackiana",NA,"Alseis blackiana"
"Alstonia scholaris","Alstonia scholaris",NA,"Alstonia scholaris"
"Alstonia sp.",NA,NA,"Alstonia sp."
"Amburana cearensis","Amburana cearensis",NA,"Amburana cearensis"
"Amomyrtus luma","Amomyrtus luma",NA,"Amomyrtus luma"
"Ampelocera ruizii","Ampelocera ruizii",NA,"Ampelocera ruizii"
"Anacardium excelsum","Anacardium excelsum",NA,"Anacardium excelsum"
"Anadenanthera colubrina","Anadenanthera colubrina",NA,"Anadenanthera colubrina"
"Anaxagorea crassipetala","Anaxagorea crassipetala",NA,"Anaxagorea crassipetala"
"Annona spraguei","Annona spraguei",NA,"Annona spraguei"
"Antirrhoea trichantha",NA,"Antirrhoea trichantha","Antirrhoea trichantha"
"Apeiba tibourbou","Apeiba tibourbou",NA,"Apeiba tibourbou"
"Aporosa elmeri","Aporosa elmeri",NA,"Aporosa elmeri"
"Aporosa sphaedophora",NA,NA,"Aporosa sphaedophora"
"Aporusa elemeri",NA,NA,"Aporusa elemeri"
"Aporusa grandistipula",NA,"Aporusa grandistipula","Aporusa grandistipula"
"Aporusa subcaudata",NA,"Aporusa subcaudata","Aporusa subcaudata"
"Araucaria araucana","Araucaria araucana",NA,"Araucaria araucana"
"Arbutus menziesii","Arbutus menziesii",NA,"Arbutus menziesii"
"Archidendron jiringa","Archidendron jiringa",NA,"Archidendron jiringa"
"Ardisia crenata","Ardisia crenata",NA,"Ardisia crenata"
"Aristotelia chilensis","Aristotelia chilensis",NA,"Aristotelia chilensis"
"Artocarpus anisophyllus","Artocarpus anisophyllus",NA,"Artocarpus anisophyllus"
"Artocarpus elasticus","Artocarpus elasticus",NA,"Artocarpus elasticus"
"Artocarpus sp.",NA,"Artocarpus","Artocarpus sp."
"Arytera littoralis","Arytera littoralis",NA,"Arytera littoralis"
"Aspidosperma cylindrocarpon","Aspidosperma cylindrocarpon",NA,"Aspidosperma cylindrocarpon"
"Aspidosperma ramiflorum","Aspidosperma ramiflorum",NA,"Aspidosperma ramiflorum"
"Aspidosperma tambopatense","Aspidosperma parvifolium",NA,"Aspidosperma parvifolium"
"Aspidosperma tomentosum","Aspidosperma tomentosum",NA,"Aspidosperma tomentosum"
"Astronium fraxinifolium","Astronium fraxinifolium",NA,"Astronium fraxinifolium"
"Baccaurea deflexa","Baccaurea deflexa",NA,"Baccaurea deflexa"
"Baccaurea kunstleri","Baccaurea polyneura",NA,"Baccaurea polyneura"
"Baccaurea pendula","Baccaurea minor",NA,"Baccaurea minor"
"Baccaurea sp.",NA,"Baccaurea","Baccaurea sp."
"Banara guianensis","Banara guianensis",NA,"Banara guianensis"
"Banksia ericifolia","Banksia ericifolia",NA,"Banksia ericifolia"
"Barringtonia macrostachy","Barringtonia macrostachya",NA,"Barringtonia macrostachya"
"Batocarpus amazonicus","Batocarpus amazonicus",NA,"Batocarpus amazonicus"
"Beilschmiedia sp.",NA,"Beilschmiedia","Beilschmiedia sp."
"Beilschmiedia tarairi","Beilschmiedia tarairi",NA,"Beilschmiedia tarairi"
"Beilschmiedia tawa","Beilschmiedia tawa",NA,"Beilschmiedia tawa"
"Bellucia pentamera","Bellucia pentamera",NA,"Bellucia pentamera"
"Benthamidia japonica","Cornus kousa",NA,"Cornus kousa"
"Berholletia excelsa",NA,NA,"Berholletia excelsa"
"Betula alleghaneinsis",NA,NA,"Betula alleghaneinsis"
"Betula alleghaniensis","Betula alleghaniensis",NA,"Betula alleghaniensis"
"Betula ermanii","Betula ermanii",NA,"Betula ermanii"
"Betula grossa","Betula grossa",NA,"Betula grossa"
"Betula lenta L.","Betula lenta",NA,"Betula lenta"
"Betula maximowicziana","Betula maximowicziana",NA,"Betula maximowicziana"
"Betula papyrifera","Betula papyrifera",NA,"Betula papyrifera"
"Betula papyrifera Marsh","Betula papyrifera",NA,"Betula papyrifera"
"Betula pendula","Betula pendula",NA,"Betula pendula"
"Betula platyphylla","Betula platyphylla",NA,"Betula platyphylla"
"Betula pubescens","Betula pubescens",NA,"Betula pubescens"
"Boronia ledifolia","Boronia ledifolia",NA,"Boronia ledifolia"
"Bougainvillea modesta","Bougainvillea modesta",NA,"Bougainvillea modesta"
"Brosimum lactescens","Brosimum lactescens",NA,"Brosimum lactescens"
"Byrsonima coccolobifolia","Byrsonima coccolobifolia",NA,"Byrsonima coccolobifolia"
"Byrsonima crassifolia","Byrsonima crassifolia",NA,"Byrsonima crassifolia"
"Caesalpinia pluviosa","Caesalpinia pluviosa",NA,"Caesalpinia pluviosa"
"Callicarpa havilandii","Callicarpa havilandii",NA,"Callicarpa havilandii"
"Calophyllum longifolium","Calophyllum longifolium",NA,"Calophyllum longifolium"
"Camellia japonia","Camellia japonica",NA,"Camellia japonica"
"Camellia japonica","Camellia japonica",NA,"Camellia japonica"
"Camellia lutchuensis","Camellia lutchuensis",NA,"Camellia lutchuensis"
"Camellia sasanqua","Camellia sasanqua",NA,"Camellia sasanqua"
"Capparis prisca","Capparidastrum petiolare",NA,"Capparidastrum petiolare"
"Cariniana estrellensis","Cariniana estrellensis",NA,"Cariniana estrellensis"
"Cariniana ianeirensis","Cariniana ianeirensis",NA,"Cariniana ianeirensis"
"Cariniana micrantha","Cariniana micrantha",NA,"Cariniana micrantha"
"Carpinus cordata","Carpinus cordata",NA,"Carpinus cordata"
"Carpinus japonica","Carpinus japonica",NA,"Carpinus japonica"
"Carpinus laxiflora","Carpinus laxiflora",NA,"Carpinus laxiflora"
"Carpinus spp.",NA,NA,"Carpinus spp."
"Carpinus tschonoskii","Carpinus tschonoskii",NA,"Carpinus tschonoskii"
"Carya ovata (Mill.) K. Koch","Carya ovata",NA,"Carya ovata"
"Casearia arborea","Casearia arborea",NA,"Casearia arborea"
"Casearia gossypiosperma","Casearia gossypiosperma",NA,"Casearia gossypiosperma"
"Casearia sylvestris","Casearia sylvestris",NA,"Casearia sylvestris"
"Castanea crenata","Castanea crenata",NA,"Castanea crenata"
"Castanea sativa","Castanea sativa",NA,"Castanea sativa"
"Castanopsis cuspidata","Castanopsis cuspidata",NA,"Castanopsis cuspidata"
"Castanopsis sieboldii","Castanopsis sieboldii",NA,"Castanopsis sieboldii"
"Cavanillesia hylogeiton","Cavanillesia hylogeiton",NA,"Cavanillesia hylogeiton"
"Cecropia concolor","Cecropia concolor",NA,"Cecropia concolor"
"Cecropia ficifolia","Cecropia ficifolia",NA,"Cecropia ficifolia"
"Cecropia insignis","Cecropia insignis",NA,"Cecropia insignis"
"Cedrela fissilis","Cedrela fissilis",NA,"Cedrela fissilis"
"Cedrela odorata","Cedrela odorata",NA,"Cedrela odorata"
"Cedrelinga catanaeformis","Cedrelinga cateniformis",NA,"Cedrelinga cateniformis"
"Ceiba samaura","Ceiba samauma",NA,"Ceiba samauma"
"Ceiba speciosa","Ceiba speciosa",NA,"Ceiba speciosa"
"Centrolobium microchaete","Centrolobium microchaete",NA,"Centrolobium microchaete"
"Cercis canadensis","Cercis canadensis",NA,"Cercis canadensis"
"Chamaecyparis obtusa","Chamaecyparis obtusa",NA,"Chamaecyparis obtusa"
"Chengiopanax sciadophylloides (Franch. et Sav.) C.B. Shang et J.Y. Huang","Chengiopanax sciadophylloides",NA,"Chengiopanax sciadophylloides"
"Chionanthus spicatusi","Chionanthus spicatus",NA,"Chionanthus spicatus"
"Cinnamomum camphora","Cinnamomum camphora",NA,"Cinnamomum camphora"
"Cinnamomum japonicum","Cinnamomum tenuifolium",NA,"Cinnamomum tenuifolium"
"Citharexylum mocinnii",NA,"Citharexylum mocinnii","Citharexylum mocinnii"
"Cleistanthus glandulosus","Cleistanthus glandulosus",NA,"Cleistanthus glandulosus"
"Clethra barbinervis","Clethra barbinervis",NA,"Clethra barbinervis"
"Cleyera japonica","Cleyera japonica",NA,"Cleyera japonica"
"Cochlospermum vitifolium","Cochlospermum vitifolium",NA,"Cochlospermum vitifolium"
"Combretum gracilis",NA,NA,"Combretum gracilis"
"Combretum leprosum","Combretum leprosum",NA,"Combretum leprosum"
"Conospermum ericifolium","Conospermum ericifolium",NA,"Conospermum ericifolium"
"Conostegia xalapensis","Conostegia xalapensis",NA,"Conostegia xalapensis"
"Copaifera chodatiana","Guibourtia chodatiana",NA,"Guibourtia chodatiana"
"Cordia alliodora","Cordia alliodora",NA,"Cordia alliodora"
"Cordia bicolor","Cordia bicolor",NA,"Cordia bicolor"
"Cornus drummondii","Cornus drummondii",NA,"Cornus drummondii"
"Cornus florida L.","Cornus florida",NA,"Cornus florida"
"Corymbia maculata","Corymbia maculata",NA,"Corymbia maculata"
"Couratari guianensis","Couratari guianensis",NA,"Couratari guianensis"
"Cryptomeria japonica","Cryptomeria japonica",NA,"Cryptomeria japonica"
"Cupania cinerea","Cupania cinerea",NA,"Cupania cinerea"
"Cupania scrobiculata","Cupania scrobiculata",NA,"Cupania scrobiculata"
"Curatella americana","Curatella americana",NA,"Curatella americana"
"Dacryodes apiculata",NA,NA,"Dacryodes apiculata"
"Dacryodes rugosa","Dacryodes rugosa",NA,"Dacryodes rugosa"
"Daphne kiusiana","Daphne kiusiana",NA,"Daphne kiusiana"
"Daphniphyllum macropodum","Daphniphyllum macropodum",NA,"Daphniphyllum macropodum"
"Dendropanax arboreus","Dendropanax arboreus",NA,"Dendropanax arboreus"
"Dialium indum","Dialium indum",NA,"Dialium indum"
"Dialium platycephalum",NA,NA,"Dialium platycephalum"
"Dialium sp.",NA,"Dialium","Dialium sp."
"Dicorynia guianensis Amshoff ","Dicorynia guianensis",NA,"Dicorynia guianensis"
"Dicorynia guianensis Amshoff.","Dicorynia guianensis",NA,"Dicorynia guianensis"
"Dillenia excelsa","Dillenia excelsa",NA,"Dillenia excelsa"
"Dillenia excemia",NA,NA,"Dillenia excemia"
"Dillenia suffruticosa","Dillenia suffruticosa",NA,"Dillenia suffruticosa"
"Diospyros borneensis","Diospyros borneensis",NA,"Diospyros borneensis"
"Diospyros kaki","Diospyros kaki",NA,"Diospyros kaki"
"Diospyrus sumatrana",NA,NA,"Diospyrus sumatrana"
"Dipterocarp sp.",NA,NA,"Dipterocarp sp."
"Dipterocarpus acutangulus","Dipterocarpus acutangulus",NA,"Dipterocarpus acutangulus"
"Dipterocarpus confertus","Dipterocarpus confertus",NA,"Dipterocarpus confertus"
"Dipterocarpus crinitus","Dipterocarpus crinitus",NA,"Dipterocarpus crinitus"
"Dipterocarpus geniculatus","Dipterocarpus geniculatus",NA,"Dipterocarpus geniculatus"
"Dipterocarpus globosus","Dipterocarpus globosus",NA,"Dipterocarpus globosus"
"Dipterocarpus pachyphyllus","Dipterocarpus pachyphyllus",NA,"Dipterocarpus pachyphyllus"
"Dipterocarpus palembanicus","Dipterocarpus palembanicus",NA,"Dipterocarpus palembanicus"
"Dipterocarpus stellatus","Dipterocarpus stellatus",NA,"Dipterocarpus stellatus"
"Dipterocarpus tempehes","Dipterocarpus tempehes",NA,"Dipterocarpus tempehes"
"Dipteryx panamensis","Dipteryx oleifera",NA,"Dipteryx oleifera"
"Distylium racemosum","Distylium racemosum",NA,"Distylium racemosum"
"Drimys winteri","Drimys winteri",NA,"Drimys winteri"
"Dryobalanops aromatica","Dryobalanops sumatrensis",NA,"Dryobalanops sumatrensis"
"Dryobalanops beccarii","Dryobalanops beccarii",NA,"Dryobalanops beccarii"
"Dryobalanops lanceolata","Dryobalanops lanceolata",NA,"Dryobalanops lanceolata"
"Dryobalanops sp.",NA,"Dryobalanops","Dryobalanops sp."
"Drypetes sp.",NA,"Drypetes","Drypetes sp."
"Durio zibethinus","Durio zibethinus",NA,"Durio zibethinus"
"Dysoxylum spectabile","Dysoxylum spectabile",NA,"Dysoxylum spectabile"
"Elaeocarpus dentatus","Elaeocarpus dentatus",NA,"Elaeocarpus dentatus"
"Elaeocarpus sp.",NA,"Elaeocarpus","Elaeocarpus sp."
"Elateriospermum tapos Blume","Elateriospermum tapos",NA,"Elateriospermum tapos"
"Embothrium coccineum","Embothrium coccineum",NA,"Embothrium coccineum"
"Endocomia rufirachis","Endocomia rufirachis",NA,"Endocomia rufirachis"
"Endospermum cf. diadenum","Endospermum diadenum",NA,"Endospermum diadenum"
"Endospermum diadenum","Endospermum diadenum",NA,"Endospermum diadenum"
"Epacris microphylla","Epacris microphylla",NA,"Epacris microphylla"
"Eperua falcata Aubl.","Eperua falcata",NA,"Eperua falcata"
"Eperua grandiflora (Aubl.) Benth. ","Eperua grandiflora",NA,"Eperua grandiflora"
"Eriotheca gracilipes","Eriotheca gracilipes",NA,"Eriotheca gracilipes"
"Erythrophleum chlorstachys","Erythrophleum chlorostachys",NA,"Erythrophleum chlorostachys"
"Erythrophloem chlorostachys",NA,NA,"Erythrophloem chlorostachys"
"Erythroxylum daphnites","Erythroxylum daphnites",NA,"Erythroxylum daphnites"
"Erythroxylum suberosum","Erythroxylum suberosum",NA,"Erythroxylum suberosum"
"Eucalyptus bleeseri","Corymbia bleeseri",NA,"Corymbia bleeseri"
"Eucalyptus clavigera","Corymbia clavigera",NA,"Corymbia clavigera"
"Eucalyptus creba","Eucalyptus creta",NA,"Eucalyptus creta"
"Eucalyptus delegatensis","Eucalyptus delegatensis",NA,"Eucalyptus delegatensis"
"Eucalyptus eugenioides","Eucalyptus eugenioides",NA,"Eucalyptus eugenioides"
"Eucalyptus foelscheana","Corymbia foelscheana",NA,"Corymbia foelscheana"
"Eucalyptus globulus","Eucalyptus globulus",NA,"Eucalyptus globulus"
"Eucalyptus grandis (W. Hill ex Maiden)","Eucalyptus grandis",NA,"Eucalyptus grandis"
"Eucalyptus melanophloia","Eucalyptus melanophloia",NA,"Eucalyptus melanophloia"
"Eucalyptus microcarpa","Eucalyptus microcarpa",NA,"Eucalyptus microcarpa"
"Eucalyptus miniata","Eucalyptus miniata",NA,"Eucalyptus miniata"
"Eucalyptus muellerana","Eucalyptus muelleriana",NA,"Eucalyptus muelleriana"
"Eucalyptus nitens","Eucalyptus nitens",NA,"Eucalyptus nitens"
"Eucalyptus paniculata","Eucalyptus paniculata",NA,"Eucalyptus paniculata"
"Eucalyptus patellaris","Eucalyptus patellaris",NA,"Eucalyptus patellaris"
"Eucalyptus pilularis","Eucalyptus pilularis",NA,"Eucalyptus pilularis"
"Eucalyptus populnea","Eucalyptus populnea",NA,"Eucalyptus populnea"
"Eucalyptus porrecta","Corymbia porrecta",NA,"Corymbia porrecta"
"Eucalyptus pruinosa","Eucalyptus pruinosa",NA,"Eucalyptus pruinosa"
"Eucalyptus regnans","Eucalyptus regnans",NA,"Eucalyptus regnans"
"Eucalyptus resinifera","Eucalyptus resinifera",NA,"Eucalyptus resinifera"
"Eucalyptus saligna","Eucalyptus saligna",NA,"Eucalyptus saligna"
"Eucalyptus sideroxylon","Eucalyptus sideroxylon",NA,"Eucalyptus sideroxylon"
"Eucalyptus tectifica","Eucalyptus tectifica",NA,"Eucalyptus tectifica"
"Eucalyptus terminalis","Corymbia terminalis",NA,"Corymbia terminalis"
"Eucalyptus tetrodonta","Eucalyptus tetrodonta",NA,"Eucalyptus tetrodonta"
"Eucalyptus urophylla * Eucalyptus grandis (clone)","Eucalyptus urophylla",NA,"Eucalyptus urophylla * Eucalyptus grandis (clone)"
"Eucalytpus populnea",NA,NA,"Eucalytpus populnea"
"Eucryphia cordifolia","Eucryphia cordifolia",NA,"Eucryphia cordifolia"
"Eugenia cuprea","Eugenia cuprea",NA,"Eugenia cuprea"
"Eugenia sp.",NA,"Eugenia","Eugenia sp."
"Eurya japonica","Eurya japonica",NA,"Eurya japonica"
"Euterpe precatoria","Euterpe precatoria",NA,"Euterpe precatoria"
"Fagraea fragrans","Fagraea fragrans",NA,"Fagraea fragrans"
"Fagraea racemosa","Fagraea racemosa",NA,"Fagraea racemosa"
"Fagus crenata","Fagus crenata",NA,"Fagus crenata"
"Fagus grandifolia","Fagus grandifolia",NA,"Fagus grandifolia"
"Fagus japonica","Fagus japonica",NA,"Fagus japonica"
"Fagus sylvatica","Fagus sylvatica",NA,"Fagus sylvatica"
"Ficus boliviana","Ficus boliviana",NA,"Ficus boliviana"
"Ficus insipida","Ficus insipida",NA,"Ficus insipida"
"Ficus sp 1.",NA,NA,"Ficus sp 1."
"Ficus sp 2",NA,NA,"Ficus sp 2"
"Ficus sp.",NA,"Ficus","Ficus sp."
"Ficus stolonifera","Ficus stolonifera",NA,"Ficus stolonifera"
"Fordia sp.",NA,NA,"Fordia sp."
"Fordia splendidissima","Fordia splendidissima",NA,"Fordia splendidissima"
"Fraxinus americana","Fraxinus americana",NA,"Fraxinus americana"
"Fraxinus excelsior","Fraxinus excelsior",NA,"Fraxinus excelsior"
"Fraxinus latifolia","Fraxinus latifolia",NA,"Fraxinus latifolia"
"Fraxinus mandshurica","Fraxinus mandshurica",NA,"Fraxinus mandshurica"
"Fraxinus sieboldiana","Fraxinus sieboldiana",NA,"Fraxinus sieboldiana"
"Fraxinus uhdei","Fraxinus uhdei",NA,"Fraxinus uhdei"
"Gallesia integrifolia","Gallesia integrifolia",NA,"Gallesia integrifolia"
"Gamblea innovans (Siebold et Zucc.) C.B. Shang, Lowry et Frodin","Gamblea innovans",NA,"Gamblea innovans"
"Garcinia penangiana","Garcinia penangiana",NA,"Garcinia penangiana"
"Gevuina avellana","Gevuina avellana",NA,"Gevuina avellana"
"Girroniera nervosa",NA,NA,"Girroniera nervosa"
"Glochidion sp.",NA,NA,"Glochidion sp."
"Gmelina arborea","Gmelina arborea",NA,"Gmelina arborea"
"Goethalsia meiantha","Goethalsia meiantha",NA,"Goethalsia meiantha"
"Gonystylus forbesii","Gonystylus forbesii",NA,"Gonystylus forbesii"
"Gossypium hirsutum","Gossypium hirsutum",NA,"Gossypium hirsutum"
"Goupia glabra Aubl. ","Goupia glabra",NA,"Goupia glabra"
"Grevillea buxifolia","Grevillea buxifolia",NA,"Grevillea buxifolia"
"Grevillea speciosa","Grevillea speciosa",NA,"Grevillea speciosa"
"Grewia florida","Microcos florida",NA,"Microcos florida"
"Griselinia littoralis","Griselinia littoralis",NA,"Griselinia littoralis"
"Hakea teretifolia","Hakea teretifolia",NA,"Hakea teretifolia"
"Hamamelis japonica","Hamamelis japonica",NA,"Hamamelis japonica"
"Heliocarpus americanus","Heliocarpus americanus",NA,"Heliocarpus americanus"
"Hemigenia purpurea ","Hemigenia purpurea",NA,"Hemigenia purpurea"
"Herrania purpurea","Herrania purpurea",NA,"Herrania purpurea"
"Hevea brasiliensis","Hevea brasiliensis",NA,"Hevea brasiliensis"
"Hirtella triandra","Hirtella triandra",NA,"Hirtella triandra"
"Homalanthus populneus","Homalanthus populneus",NA,"Homalanthus populneus"
"Hopea dryobalanoides","Hopea dryobalanoides",NA,"Hopea dryobalanoides"
"Hopea mangerawan",NA,NA,"Hopea mangerawan"
"Hopea sphaerocarpa","Hopea sphaerocarpa",NA,"Hopea sphaerocarpa"
"Horsfieldia grandis","Horsfieldia grandis",NA,"Horsfieldia grandis"
"Horsfieldia polyspherulaa","Horsfieldia polyspherula",NA,"Horsfieldia polyspherula"
"Hura crepitans","Hura crepitans",NA,"Hura crepitans"
"Hydrangea paniculata","Hydrangea paniculata",NA,"Hydrangea paniculata"
"Hymenaea courbaril","Hymenaea courbaril",NA,"Hymenaea courbaril"
"Ilex chinensis","Ilex chinensis",NA,"Ilex chinensis"
"Ilex crenata","Ilex crenata",NA,"Ilex crenata"
"Ilex integra","Ilex integra",NA,"Ilex integra"
"Ilex macropoda","Ilex macropoda",NA,"Ilex macropoda"
"Ilex pedunculosa","Ilex pedunculosa",NA,"Ilex pedunculosa"
"Ilex sugerokii","Ilex sugerokii",NA,"Ilex sugerokii"
"Illicium anisatsum","Illicium philippinense",NA,"Illicium philippinense"
"Illicium anisatum","Illicium philippinense",NA,"Illicium philippinense"
"Inga cocleensis","Inga cocleensis",NA,"Inga cocleensis"
"Inga thibaudiana","Inga thibaudiana",NA,"Inga thibaudiana"
"Ixora grandifolia","Ixora grandifolia",NA,"Ixora grandifolia"
"Jacaranda copaia (Aubl.) D. Don ","Jacaranda copaia",NA,"Jacaranda copaia"
"Jacaratia sp.",NA,"Jacaratia","Jacaratia sp."
"Jacaratia spinosa","Jacaratia spinosa",NA,"Jacaratia spinosa"
"Juglans major","Juglans major",NA,"Juglans major"
"Juniella tridens",NA,NA,"Juniella tridens"
"Juniperus rigida","Juniperus rigida",NA,"Juniperus rigida"
"Kalopanax pictus","Acer pictum",NA,"Acer pictum"
"Knema ashitoniia",NA,NA,"Knema ashitoniia"
"Knightia excelsa","Knightia excelsa",NA,"Knightia excelsa"
"Kokoona ovatolanceolata","Kokoona ovatolanceolata",NA,"Kokoona ovatolanceolata"
"Kunzea ericoides","Kunzea ericoides",NA,"Kunzea ericoides"
"Lacistema aggregatum","Lacistema aggregatum",NA,"Lacistema aggregatum"
"Laetia procera","Laetia procera",NA,"Laetia procera"
"Lafoensia pacari","Lafoensia pacari",NA,"Lafoensia pacari"
"Lansium domesticum","Lansium parasiticum",NA,"Lansium parasiticum"
"Larix kaempferi","Larix kaempferi",NA,"Larix kaempferi"
"Larix laricina","Larix laricina",NA,"Larix laricina"
"Larix occidentalis","Larix occidentalis",NA,"Larix occidentalis"
"Laurelia novaezelandiae","Laurelia novae-zelandiae",NA,"Laurelia novae-zelandiae"
"Laureliopsis philippiana","Laureliopsis philippiana",NA,"Laureliopsis philippiana"
"Lecythis ampla","Lecythis ampla",NA,"Lecythis ampla"
"Leucopogon esquamatus","Phanerandra esquamata",NA,"Phanerandra esquamata"
"Licaria triandra","Licaria triandra",NA,"Licaria triandra"
"Ligustrum japonicum","Ligustrum japonicum",NA,"Ligustrum japonicum"
"Lindera praecox","Lindera praecox",NA,"Lindera praecox"
"Lindera umbellata","Lindera umbellata",NA,"Lindera umbellata"
"Liriodendron tulipifera L.","Liriodendron tulipifera",NA,"Liriodendron tulipifera"
"Litsea acuminata","Litsea acuminata",NA,"Litsea acuminata"
"Litsea calicaris","Litsea calicaris",NA,"Litsea calicaris"
"Litsea castanea","Litsea castanea",NA,"Litsea castanea"
"Litsea cauliflora","Litsea cauliflora",NA,"Litsea cauliflora"
"Litsea ferrugiinea","Litsea ferruginea",NA,"Litsea ferruginea"
"Litsea noronhae","Litsea noronhae",NA,"Litsea noronhae"
"Litsea sp.",NA,"Litsea","Litsea sp."
"Lomatia hirsuta","Lomatia hirsuta",NA,"Lomatia hirsuta"
"Luehea seemannii","Luehea seemannii",NA,"Luehea seemannii"
"Luma apiculata","Luma apiculata",NA,"Luma apiculata"
"Lyonia ovalifolia","Lyonia ovalifolia",NA,"Lyonia ovalifolia"
"Macaranga bancana","Macaranga bancana",NA,"Macaranga bancana"
"Macaranga beccariana","Macaranga beccariana",NA,"Macaranga beccariana"
"Macaranga costulata","Macaranga costulata",NA,"Macaranga costulata"
"Macaranga gigantea","Macaranga gigantea",NA,"Macaranga gigantea"
"Macaranga hosei","Macaranga hosei",NA,"Macaranga hosei"
"Macaranga hypoleuca","Macaranga hypoleuca",NA,"Macaranga hypoleuca"
"Macaranga pseudopruinosa","Macaranga hosei",NA,"Macaranga hosei"
"Macaranga trachyphylla","Macaranga trachyphylla",NA,"Macaranga trachyphylla"
"Macaranga winkleri","Macaranga winkleri",NA,"Macaranga winkleri"
"Machaerium acutifolium","Machaerium acutifolium",NA,"Machaerium acutifolium"
"Machilus japonica","Machilus japonica",NA,"Machilus japonica"
"Machilus thunbergii","Machilus thunbergii",NA,"Machilus thunbergii"
"Maclura pomifera","Maclura pomifera",NA,"Maclura pomifera"
"Magnolia iltisiana","Magnolia iltisiana",NA,"Magnolia iltisiana"
"Magnolia obovata","Magnolia obovata",NA,"Magnolia obovata"
"Magnolia praecocissima","Magnolia kobus",NA,"Magnolia kobus"
"Magnolia salicifolia","Magnolia salicifolia",NA,"Magnolia salicifolia"
"Mallotus echinatus","Hancea penangensis",NA,"Hancea penangensis"
"Mallotus eucaustus","Hancea eucausta",NA,"Hancea eucausta"
"Mallotus japonicus","Mallotus japonicus",NA,"Mallotus japonicus"
"Mallotus sp.",NA,"Mallotus","Mallotus sp."
"Mallotus wreyi","Mallotus wrayi",NA,"Mallotus wrayi"
"Malotus echinatus",NA,NA,"Malotus echinatus"
"Mastixia trichotoma","Mastixia trichotoma",NA,"Mastixia trichotoma"
"Melastoma malabathricum","Melastoma malabathricum",NA,"Melastoma malabathricum"
"Melicytus ramiflorus","Melicytus ramiflorus",NA,"Melicytus ramiflorus"
"Meliosma rigida","Meliosma rigida",NA,"Meliosma rigida"
"Menziesia ciliicalyx","Menziesia multiflora",NA,"Menziesia multiflora"
"Metasequoia glyptostroboides","Metasequoia glyptostroboides",NA,"Metasequoia glyptostroboides"
"Metrosideros umbellata","Metrosideros umbellata",NA,"Metrosideros umbellata"
"Miconia affinis","Miconia affinis",NA,"Miconia affinis"
"Miconia argentea","Miconia argentea",NA,"Miconia argentea"
"Milletia sericea","Milletia elliptica",NA,"Milletia elliptica"
"Myrceugenia planipes","Myrceugenia planipes",NA,"Myrceugenia planipes"
"Myrciaria cauliflora","Plinia cauliflora",NA,"Plinia cauliflora"
"Myristica sp.",NA,"Myristica","Myristica sp."
"Myrsine seguinii","Myrsine seguinii",NA,"Myrsine seguinii"
"Nardophyllum bryoides","Nardophyllum bryoides",NA,"Nardophyllum bryoides"
"Nassauvia ulicina","Nassauvia ulicina",NA,"Nassauvia ulicina"
"Neea cf. steinbachii",NA,NA,"Neea cf. steinbachii"
"Neolitsea aciculata","Neolitsea aciculata",NA,"Neolitsea aciculata"
"Neoscortechinia kingii","Neoscortechinia kingii",NA,"Neoscortechinia kingii"
"Nephelium juglandifolium","Nephelium juglandifolium",NA,"Nephelium juglandifolium"
"Nestegis cunninghamii","Nestegis cunninghamii",NA,"Nestegis cunninghamii"
"Noescortechinia kingii",NA,NA,"Noescortechinia kingii"
"Nothofagus antarctica","Nothofagus antarctica",NA,"Nothofagus antarctica"
"Nothofagus dombeyi","Nothofagus dombeyi",NA,"Nothofagus dombeyi"
"Nothofagus menziesii","Nothofagus menziesii",NA,"Nothofagus menziesii"
"Nothofagus nitida","Nothofagus nitida",NA,"Nothofagus nitida"
"Nothofagus solandri","Nothofagus solandri",NA,"Nothofagus solandri"
"Nothofagus solandri var cliffortioides","Nothofagus solandri",NA,"Nothofagus solandri"
"Nothofagus truncata","Nothofagus fusca",NA,"Nothofagus fusca"
"Ochanostachys amentacea","Ochanostachys amentacea",NA,"Ochanostachys amentacea"
"Ochanostachys sp.",NA,NA,"Ochanostachys sp."
"Ochroma pyramidale","Ochroma pyramidale",NA,"Ochroma pyramidale"
"Ocotea attirhensis",NA,NA,"Ocotea attirhensis"
"Ocotea dendrodaphne","Ocotea dendrodaphne",NA,"Ocotea dendrodaphne"
"Ocotea hartshorniana","Ocotea hartshorniana",NA,"Ocotea hartshorniana"
"Ocotea meziana","Ocotea meziana",NA,"Ocotea meziana"
"Ocotea sp.",NA,"Ocotea","Ocotea sp."
"Ocotea sp. 2",NA,NA,"Ocotea sp. 2"
"Ostodes macrophylla","Paracroton pendulus",NA,"Paracroton pendulus"
"Oxydendrum arboreum (L.) DC.","Oxydendrum arboreum",NA,"Oxydendrum arboreum"
"Oxymitra grandiflora","Friesodielsia enghiana",NA,"Friesodielsia enghiana"
"Pachira sessilis","Pachira sessilis",NA,"Pachira sessilis"
"Palicourea guianensis","Palicourea guianensis",NA,"Palicourea guianensis"
"Payena sp",NA,NA,"Payena sp"
"Pentaclethra macroloba","Pentaclethra macroloba",NA,"Pentaclethra macroloba"
"Persea hintonii","Persea hintonii",NA,"Persea hintonii"
"Persea lingue","Persea lingue",NA,"Persea lingue"
"Persoonia lanceolata","Persoonia lanceolata",NA,"Persoonia lanceolata"
"Petrophile pulchella","Petrophile pulchella",NA,"Petrophile pulchella"
"Phellodendron amurense","Phellodendron amurense",NA,"Phellodendron amurense"
"Phyllocladus trichomanoides","Phyllocladus trichomanoides",NA,"Phyllocladus trichomanoides"
"Phyllostylon rhamnoides","Phyllostylon rhamnoides",NA,"Phyllostylon rhamnoides"
"Phyllota phylicoides","Phyllota phylicoides",NA,"Phyllota phylicoides"
"Picea abies","Picea abies",NA,"Picea abies"
"Picea engelmannii","Picea engelmannii",NA,"Picea engelmannii"
"Picea glauca","Picea glauca",NA,"Picea glauca"
"Picea glauca x Picea engelmannii","Picea glauca",NA,"Picea glauca x Picea engelmannii"
"Picea glehnii","Picea glehnii",NA,"Picea glehnii"
"Picea jezoensis","Picea jezoensis",NA,"Picea jezoensis"
"Picea mariana","Picea mariana",NA,"Picea mariana"
"Picea rubens","Picea rubens",NA,"Picea rubens"
"Pieris japonica","Pieris japonica",NA,"Pieris japonica"
"Pimelea linifolia","Pimelea linifolia",NA,"Pimelea linifolia"
"Pinus albicaulis","Pinus albicaulis",NA,"Pinus albicaulis"
"Pinus banksiana","Pinus banksiana",NA,"Pinus banksiana"
"Pinus contorta","Pinus contorta",NA,"Pinus contorta"
"Pinus contorta var. latifolia","Pinus contorta",NA,"Pinus contorta"
"Pinus densiflora","Pinus densiflora",NA,"Pinus densiflora"
"Pinus elliottii","Pinus elliottii",NA,"Pinus elliottii"
"Pinus monticola","Pinus monticola",NA,"Pinus monticola"
"Pinus ponderosa","Pinus ponderosa",NA,"Pinus ponderosa"
"Pinus radiata","Pinus radiata",NA,"Pinus radiata"
"Pinus sylvestris","Pinus sylvestris",NA,"Pinus sylvestris"
"Pinus sylvestris var. mongolica","Pinus sylvestris",NA,"Pinus sylvestris"
"Pinus taeda","Pinus taeda",NA,"Pinus taeda"
"Pinus thunbergii","Pinus thunbergii",NA,"Pinus thunbergii"
"Piptocarpha rotundifolia","Piptocarpha rotundifolia",NA,"Piptocarpha rotundifolia"
"Plathymenia reticulata","Plathymenia reticulata",NA,"Plathymenia reticulata"
"Podocarpus macrophyllus","Podocarpus macrophyllus",NA,"Podocarpus macrophyllus"
"Podocarpus nagi","Nageia nagi",NA,"Nageia nagi"
"Podocarpus nubigena","Podocarpus nubigenus",NA,"Podocarpus nubigenus"
"Podocarpus salignus","Podocarpus salignus",NA,"Podocarpus salignus"
"Pogonopus tubulosus","Pogonopus tubulosus",NA,"Pogonopus tubulosus"
"Polaquem dasyphyllum",NA,NA,"Polaquem dasyphyllum"
"Polyalthia glauca","Maasia glauca",NA,"Maasia glauca"
"Polyalthia rumphii","Polyalthia rumphii",NA,"Polyalthia rumphii"
"Pometia tomentosa","Allophylus cobbe",NA,"Allophylus cobbe"
"Populus tremuloides","Populus tremuloides",NA,"Populus tremuloides"
"Populus tremuloides Michx.","Populus tremuloides",NA,"Populus tremuloides"
"Populus x euramericana","Populus canadensis",NA,"Populus x euramericana"
"Pouroma bicolor",NA,NA,"Pouroma bicolor"
"Pourouma cecropiifolia","Pourouma cecropiifolia",NA,"Pourouma cecropiifolia"
"Pouteria macrohylla","Pouteria macrophylla",NA,"Pouteria macrophylla"
"Pouteria nemorosa","Pouteria nemorosa",NA,"Pouteria nemorosa"
"Pouteria sp.",NA,"Pouteria","Pouteria sp."
"Pouteria torta","Pouteria torta",NA,"Pouteria torta"
"Protium panamense","Protium panamense",NA,"Protium panamense"
"Prunus grayana","Prunus grayana",NA,"Prunus grayana"
"Prunus jamasakura","Cerasus jamasakura",NA,"Cerasus jamasakura"
"Prunus maximowiczii","Prunus maximowiczii",NA,"Prunus maximowiczii"
"Prunus pensylvanica","Prunus pensylvanica",NA,"Prunus pensylvanica"
"Prunus sargentii","Prunus sargentii",NA,"Prunus sargentii"
"Prunus sp.",NA,"Prunus","Prunus sp."
"Prunus spp.",NA,NA,"Prunus spp."
"Prunus ssiori","Prunus ssiori",NA,"Prunus ssiori"
"Prunus verecunda","Prunus leveilleana",NA,"Prunus leveilleana"
"Pseudolmedia laevis","Pseudolmedia laevis",NA,"Pseudolmedia laevis"
"Pseudopanax arboreus","Neopanax arboreus",NA,"Neopanax arboreus"
"Pseudopanax crassifolius","Pseudopanax crassifolius",NA,"Pseudopanax crassifolius"
"Pseudotsuga menziesii","Pseudotsuga menziesii",NA,"Pseudotsuga menziesii"
"Pseudotsuga menziesii var. glauca","Pseudotsuga menziesii",NA,"Pseudotsuga menziesii"
"Psidium sartorianum","Psidium sartorianum",NA,"Psidium sartorianum"
"Psychotria acuminata","Psychotria cuspidata",NA,"Psychotria cuspidata"
"Psychotria brachiata","Psychotria brachiata",NA,"Psychotria brachiata"
"Psychotria chagrensis","Psychotria chagrensis",NA,"Psychotria chagrensis"
"Psychotria emetica","Ronabea emetica",NA,"Ronabea emetica"
"Psychotria gracilifora","Psychotria biaristata",NA,"Psychotria biaristata"
"Psychotria grandis","Psychotria grandis",NA,"Psychotria grandis"
"Psychotria horizontalis","Psychotria horizontalis",NA,"Psychotria horizontalis"
"Psychotria ipecacuan",NA,NA,"Psychotria ipecacuan"
"Psychotria limonensis","Psychotria limonensis",NA,"Psychotria limonensis"
"Psychotria marginata","Psychotria marginata",NA,"Psychotria marginata"
"Psychotria micrantha","Psychotria micrantha",NA,"Psychotria micrantha"
"Psychotria pittieri","Psychotria cyanococca",NA,"Psychotria cyanococca"
"Psychotria psychotriifolia","Psychotria psychotriifolia",NA,"Psychotria psychotriifolia"
"Psychotria pubescens","Psychotria pubescens",NA,"Psychotria pubescens"
"Psychotria racemosa","Psychotria racemosa",NA,"Psychotria racemosa"
"Pterodon emarginatus","Pterodon emarginatus",NA,"Pterodon emarginatus"
"Pterogyne nitens","Pterogyne nitens",NA,"Pterogyne nitens"
"Pultenaea tuberculata","Pultenaea tuberculata",NA,"Pultenaea tuberculata"
"Qualea grandiflora","Qualea grandiflora",NA,"Qualea grandiflora"
"Qualea parviflora","Qualea parviflora",NA,"Qualea parviflora"
"Qualea rosea Aubl.","Qualea rosea",NA,"Qualea rosea"
"Quercus acutissima","Quercus acutissima",NA,"Quercus acutissima"
"Quercus alba L.","Quercus alba",NA,"Quercus alba"
"Quercus coccinea Muenchh.","Quercus coccinea",NA,"Quercus coccinea"
"Quercus crispula","Quercus mongolica",NA,"Quercus mongolica"
"Quercus ellipsoidalis","Quercus ellipsoidalis",NA,"Quercus ellipsoidalis"
"Quercus gilva","Quercus gilva",NA,"Quercus gilva"
"Quercus glauca","Quercus glauca",NA,"Quercus glauca"
"Quercus myrsinaefolia",NA,"Quercus myrsinaefolia","Quercus myrsinaefolia"
"Quercus phillyreoides","Quercus phillyreoides",NA,"Quercus phillyreoides"
"Quercus prinus L.","Quercus michauxii",NA,"Quercus michauxii"
"Quercus pyrenaica","Quercus pyrenaica",NA,"Quercus pyrenaica"
"Quercus rubra","Quercus rubra",NA,"Quercus rubra"
"Quercus rubra L.","Quercus rubra",NA,"Quercus rubra"
"Quercus salicifolia","Quercus salicifolia",NA,"Quercus salicifolia"
"Quercus salicina","Quercus salicina",NA,"Quercus salicina"
"Quercus serrata","Quercus serrata",NA,"Quercus serrata"
"Quercus sessilifolia","Quercus sessilifolia",NA,"Quercus sessilifolia"
"Quercus shumardii","Quercus shumardii",NA,"Quercus shumardii"
"Quercus spp.",NA,NA,"Quercus spp."
"Quercus variabilis","Quercus variabilis",NA,"Quercus variabilis"
"Recordoxylon speciosum (Benoist) ","Recordoxylon speciosum",NA,"Recordoxylon speciosum"
"Rhamnus crenara","Frangula crenata",NA,"Frangula crenata"
"Rhododendron dilatatum","Rhododendron dilatatum",NA,"Rhododendron dilatatum"
"Rhododendron macrosepalum","Rhododendron macrosepalum",NA,"Rhododendron macrosepalum"
"Rhododendron obtusum","Rhododendron obtusum",NA,"Rhododendron obtusum"
"Rhododendron reticulatum","Rhododendron reticulatum",NA,"Rhododendron reticulatum"
"Rhododendron tashiroi","Rhododendron tashiroi",NA,"Rhododendron tashiroi"
"Rhus trichocarpa","Toxicodendron trichocarpum",NA,"Toxicodendron trichocarpum"
"Rhus trichocarpa Miq.","Toxicodendron trichocarpum",NA,"Toxicodendron trichocarpum"
"Rinereocarpus uleii",NA,NA,"Rinereocarpus uleii"
"Rinorea deflexiflora","Rinorea deflexiflora",NA,"Rinorea deflexiflora"
"Robinia pseudoacacia","Robinia pseudoacacia",NA,"Robinia pseudoacacia"
"Rollinia herzogii","Rollinia herzogii",NA,"Rollinia herzogii"
"Ryania speciosa","Ryania speciosa",NA,"Ryania speciosa"
"Salix spp.",NA,NA,"Salix spp."
"Santiria apiculata","Santiria apiculata",NA,"Santiria apiculata"
"Santiria operculata",NA,NA,"Santiria operculata"
"Santiria tomentosa","Santiria tomentosa",NA,"Santiria tomentosa"
"Sapindus saponaria","Sapindus saponaria",NA,"Sapindus saponaria"
"Sapium glandulosum","Sapium glandulosum",NA,"Sapium glandulosum"
"Sarcandra glabra","Sarcandra glabra",NA,"Sarcandra glabra"
"Saxegothaea conspicua","Saxegothaea conspicua",NA,"Saxegothaea conspicua"
"Scaphium borneense","Scaphium macropodum",NA,"Scaphium macropodum"
"Scaphium longipetiolatum","Scaphium longipetiolatum",NA,"Scaphium longipetiolatum"
"Scaphium macropodum","Scaphium macropodum",NA,"Scaphium macropodum"
"Schefflera digitata","Schefflera digitata",NA,"Schefflera digitata"
"Schefflera morototoni","Schefflera morototoni",NA,"Schefflera morototoni"
"Schefflera octophylla","Schefflera heptaphylla",NA,"Schefflera heptaphylla"
"Schima wallichii","Schima wallichii",NA,"Schima wallichii"
"Schizolobium amazonicum","Schizolobium amazonicum",NA,"Schizolobium amazonicum"
"Schizolobium parahyba","Schizolobium parahyba",NA,"Schizolobium parahyba"
"Sclerolobium sp.",NA,NA,"Sclerolobium sp."
"Senecio filaginoides","Senecio filaginoides",NA,"Senecio filaginoides"
"Sequoia sempervirens","Sequoia sempervirens",NA,"Sequoia sempervirens"
"Sequoiadendron giganteum","Sequoiadendron giganteum",NA,"Sequoiadendron giganteum"
"Sextonia rubra (Mez) van der Werff","Sextonia rubra",NA,"Sextonia rubra"
"Shorea acuta","Shorea acuta",NA,"Shorea acuta"
"Shorea agami","Shorea agami",NA,"Shorea agami"
"Shorea amplexicaulis","Shorea amplexicaulis",NA,"Shorea amplexicaulis"
"Shorea andulensis","Shorea andulensis",NA,"Shorea andulensis"
"Shorea beccariana","Shorea beccariana",NA,"Shorea beccariana"
"Shorea biawak","Shorea biawak",NA,"Shorea biawak"
"Shorea bracteata","Shorea bracteata",NA,"Shorea bracteata"
"Shorea cf. stenoptera","Shorea stenoptera",NA,"Shorea stenoptera"
"Shorea crassa","Shorea crassa",NA,"Shorea crassa"
"Shorea curtisii","Shorea curtisii",NA,"Shorea curtisii"
"Shorea exelliptica","Shorea exelliptica",NA,"Shorea exelliptica"
"Shorea falciferoides","Shorea falciferoides",NA,"Shorea falciferoides"
"Shorea laevis","Shorea laevis",NA,"Shorea laevis"
"Shorea laxa","Shorea laxa",NA,"Shorea laxa"
"Shorea leprosula","Shorea leprosula",NA,"Shorea leprosula"
"Shorea macroptera","Shorea macroptera",NA,"Shorea macroptera"
"Shorea ochlacea","Shorea ochracea",NA,"Shorea ochracea"
"Shorea ovalis","Shorea ovalis",NA,"Shorea ovalis"
"Shorea ovata","Shorea ovata",NA,"Shorea ovata"
"Shorea parvifolia","Shorea parvifolia",NA,"Shorea parvifolia"
"Shorea pilosa","Shorea pilosa",NA,"Shorea pilosa"
"Shorea scrobiculata","Shorea scrobiculata",NA,"Shorea scrobiculata"
"Shorea smithiana","Shorea smithiana",NA,"Shorea smithiana"
"Shorea stenoptera","Shorea stenoptera",NA,"Shorea stenoptera"
"Shorea sumatrana","Shorea sumatrana",NA,"Shorea sumatrana"
"Simira rubescens","Simira rubescens",NA,"Simira rubescens"
"Sindora sp.",NA,NA,"Sindora sp."
"Solanum riparium","Solanum riparium",NA,"Solanum riparium"
"Solanum sp.",NA,"Solanum","Solanum sp."
"Sorbus alnifolia","Sorbus alnifolia",NA,"Sorbus alnifolia"
"Sorbus commixta","Sorbus commixta",NA,"Sorbus commixta"
"Spondias mombin","Spondias mombin",NA,"Spondias mombin"
"Sterculia apetala","Sterculia apetala",NA,"Sterculia apetala"
"Sterculia rubiginosa","Sterculia rubiginosa",NA,"Sterculia rubiginosa"
"Strombosia rotundifolia","Strombosia rotundifolia",NA,"Strombosia rotundifolia"
"Strombosia sp.",NA,"Strombosia","Strombosia sp."
"Strychnos pseudoquina","Strychnos pseudoquina",NA,"Strychnos pseudoquina"
"Stryphnodendron adstringens","Stryphnodendron adstringens",NA,"Stryphnodendron adstringens"
"Stylogyne ambigua","Ardisia ambigua",NA,"Ardisia ambigua"
"Styrax japonica","Styrax japonicus",NA,"Styrax japonicus"
"Styrax obassia","Styrax obassis",NA,"Styrax obassis"
"Sweetia fruticosa","Sweetia fruticosa",NA,"Sweetia fruticosa"
"Swida controversa","Cornus controversa",NA,"Cornus controversa"
"Swida macrophylla","Cornus macrophylla",NA,"Cornus macrophylla"
"Swietenia macrophylla","Swietenia macrophylla",NA,"Swietenia macrophylla"
"Swintonia schwenkii","Swintonia schwenckii",NA,"Swintonia schwenckii"
"Symplococarpon purpusii","Symplococarpon purpusii",NA,"Symplococarpon purpusii"
"Symplocos coreana","Symplocos coreana",NA,"Symplocos coreana"
"Symplocos glauca","Symplocos glauca",NA,"Symplocos glauca"
"Symplocos lancifolia","Symplocos lancifolia",NA,"Symplocos lancifolia"
"Symplocos prunifolia","Symplocos sumuntia",NA,"Symplocos sumuntia"
"Symplocos purnifolia",NA,NA,"Symplocos purnifolia"
"Symplocos tanakae","Symplocos tanakae",NA,"Symplocos tanakae"
"Syzygium buxifolium","Syzygium buxifolium",NA,"Syzygium buxifolium"
"Syzygium caudatum","Syzygium caudatum",NA,"Syzygium caudatum"
"Syzygium sp.",NA,"Syzygium","Syzygium sp."
"Tabebuia impetiginosa","Handroanthus impetiginosus",NA,"Handroanthus impetiginosus"
"Tabebuia rosea","Tabebuia rosea",NA,"Tabebuia rosea"
"Tachigali vasquezii","Tachigali vasquezii",NA,"Tachigali vasquezii"
"Tachigali versicolor","Tachigali versicolor",NA,"Tachigali versicolor"
"Tarenna sp.",NA,"Tarenna","Tarenna sp."
"Tectona grandis","Tectona grandis",NA,"Tectona grandis"
"Terminalia amazonia","Terminalia amazonia",NA,"Terminalia amazonia"
"Terminalia argentea","Terminalia argentea",NA,"Terminalia argentea"
"Terminalia ferdinandiana","Terminalia ferdinandiana",NA,"Terminalia ferdinandiana"
"Terminalia oblonga","Terminalia oblonga",NA,"Terminalia oblonga"
"Theobroma speciosum","Theobroma speciosum",NA,"Theobroma speciosum"
"Thevetia ahouai","Thevetia ahouai",NA,"Thevetia ahouai"
"Thuja plicata","Thuja plicata",NA,"Thuja plicata"
"Thujopsis dolabrata","Thujopsis dolabrata",NA,"Thujopsis dolabrata"
"Tilia japonica","Tilia japonica",NA,"Tilia japonica"
"Trema micrantha","Trema micrantha",NA,"Trema micrantha"
"Trema sp.",NA,NA,"Trema sp."
"Trichilia elegans","Trichilia elegans",NA,"Trichilia elegans"
"Trichilia tuberculata","Trichilia tuberculata",NA,"Trichilia tuberculata"
"Trichospermum galeottii","Trichospermum galeottii",NA,"Trichospermum galeottii"
"Tsuga heterophylla","Tsuga heterophylla",NA,"Tsuga heterophylla"
"Tsuga sieboldii","Tsuga sieboldii",NA,"Tsuga sieboldii"
"Tutcheria virgata","Pyrenaria microcarpa",NA,"Pyrenaria microcarpa"
"Ulmus americana","Ulmus americana",NA,"Ulmus americana"
"Ulmus parrifolia","Ulmus parvifolia",NA,"Ulmus parvifolia"
"Uncaria guianensis","Uncaria guianensis",NA,"Uncaria guianensis"
"Unidentified sp.",NA,NA,"Unknown"
"Unknown",NA,NA,"Unknown"
"Unknown sp. 1",NA,NA,"Unknown"
"Unknown sp. 2",NA,NA,"Unknown"
"Urera baccifera","Urera baccifera",NA,"Urera baccifera"
"Urera caracassana","Urera caracasana",NA,"Urera caracasana"
"Urophyllum arboreum","Urophyllum arboreum",NA,"Urophyllum arboreum"
"Vaccinium bracteatum","Vaccinium bracteatum",NA,"Vaccinium bracteatum"
"Vaccinium oldhamii","Vaccinium oldhamii",NA,"Vaccinium oldhamii"
"Vernonanthura patens","Vernonanthura patens",NA,"Vernonanthura patens"
"Viburnum dilatatum","Viburnum dilatatum",NA,"Viburnum dilatatum"
"Viburnum erosum","Viburnum erosum",NA,"Viburnum erosum"
"Viburnum furcatum","Viburnum sympodiale",NA,"Viburnum sympodiale"
"Virola michelii Heckel","Virola michelii",NA,"Virola michelii"
"Virola sebifera","Virola sebifera",NA,"Virola sebifera"
"Vismia baccifera","Vismia baccifera",NA,"Vismia baccifera"
"Vismia macrophylla","Vismia macrophylla",NA,"Vismia macrophylla"
"Vitex lucens","Vitex lucens",NA,"Vitex lucens"
"Vouacapoua americana Aubl.","Vouacapoua americana",NA,"Vouacapoua americana"
"Walsura pinnata","Walsura pinnata",NA,"Walsura pinnata"
"Weigela decora","Weigela decora",NA,"Weigela decora"
"Weinmannia racemosa","Leiospermum racemosum",NA,"Leiospermum racemosum"
"Weinmannia silvicola","Weinmannia silvicola",NA,"Weinmannia silvicola"
"Wollemia nobilis","Wollemia nobilis",NA,"Wollemia nobilis"
"Xanthophyllum heteropleurum","Xanthophyllum heteropleurum",NA,"Xanthophyllum heteropleurum"
"Xanthophyllum stipitatum","Xanthophyllum stipitatum",NA,"Xanthophyllum stipitatum"
"Xylocarpus sp.",NA,NA,"Xylocarpus sp."
"Xylopia frutescens","Xylopia frutescens",NA,"Xylopia frutescens"
"Zanthoxylum monogynum","Zanthoxylum monogynum",NA,"Zanthoxylum monogynum"
"Zelkova serrata","Zelkova serrata",NA,"Zelkova serrata"
